<?xml version="1.0" encoding="utf-8"?>
<feed xmlns="http://www.w3.org/2005/Atom">
  <link rel="hub" href="https://pubsubhubbub.appspot.com"/>

  <title type="text" xml:lang="en">Michael Szymczak</title>
  <link type="application/atom+xml" href="http://www.michaelszymczak.com/atom.xml" rel="self"/>
  <link href="http://www.michaelszymczak.com"/>
  <updated>2019-12-01T16:30:14Z</updated>
  <id>http://www.michaelszymczak.com/</id>
  <author>
    <name>Michael Szymczak</name>
    <email>contact@michaelszymczak.com</email>
  </author>
  <rights type="text">Copyright © 2019 Michael Szymczak.</rights>
  

  
  <entry>
    <title>Rediscovering TDD - My favourite flavour of TDD</title>
    <link rel="alternate" type="text/html" href="http://www.michaelszymczak.com/article/rediscovering-tdd-my-way.html"/>
    <published>2017-05-18T00:00:00Z</published>
    <updated>2017-05-18T00:00:00+01:00</updated>
    <id>http://www.michaelszymczak.com/article/rediscovering-tdd-my-way</id>

    
      <content type="html"><![CDATA[ <p class="excerpt">
As promised in the previous post, it's time to show how I do TDD.
It is an advanced TDD blog post in a sense that in order to appreciate it fully, one should have probably tried various approaches, be aware
of some shortcomings when picking either classic or mockist approach etc. At the same time, this blog should be understood even by beginners
as this is yet another way of doing TDD. Nothing prevents a person that has never tried TDD to apply this particular approach, even if they
do not know the difference between above mentioned classical and mockist TDD. In fact, I think that the industry as a whole would
be much better off if the first style of TDD that newcomers come across was the one presented here.
</p>
<p><span class="readmore"></span></p>
 ]]></content>
    

  </entry>
  
  

  
  <entry>
    <title>Rediscovering TDD - Preface</title>
    <link rel="alternate" type="text/html" href="http://www.michaelszymczak.com/article/rediscovering-tdd-preface.html"/>
    <published>2017-01-31T00:00:00Z</published>
    <updated>2017-01-31T00:00:00+00:00</updated>
    <id>http://www.michaelszymczak.com/article/rediscovering-tdd-preface</id>

    
      <content type="html"><![CDATA[ <p class="excerpt">
Almost every software developer at some point comes across Test Driven Development.
As far as I remember I was lucky enough to try it just after I started my professional career.
I remember my first interview and my first day at work. I remember how surprised and happy I was that some company
trusted me enough to allow me to change their codebase - and to be rewarded for it. 
Thus, soon after I joined, I spent almost all my free time learning about the framework I used and about
all these practices every developer should do. Proper testing, better even, Test Driven Development, was one of them. 
</p>
<p><span class="readmore"></span></p>
 ]]></content>
    

  </entry>
  
  

  
  <entry>
    <title>Testing Business Rules - part 3</title>
    <link rel="alternate" type="text/html" href="http://www.michaelszymczak.com/article/testing-business-rules-3.html"/>
    <published>2016-06-11T00:00:00Z</published>
    <updated>2016-06-11T00:00:00+01:00</updated>
    <id>http://www.michaelszymczak.com/article/testing-business-rules-3</id>

    
      <content type="html"><![CDATA[ <p class="excerpt">
In the previous post I created and instrumented the specification that will guide us while implementing the feature.
In this post I am going to explain how it is possible that one can run such specification and check if the functionality works as expected.
</p>
<p><span class="readmore"></span></p>
 ]]></content>
    

  </entry>
  
  

  
  <entry>
    <title>Testing Business Rules - part 2</title>
    <link rel="alternate" type="text/html" href="http://www.michaelszymczak.com/article/testing-business-rules-2.html"/>
    <published>2016-06-06T00:00:00Z</published>
    <updated>2016-06-06T00:00:00+01:00</updated>
    <id>http://www.michaelszymczak.com/article/testing-business-rules-2</id>

    
      <content type="html"><![CDATA[ <p class="excerpt">
Every time some part of the world that we care about (i.e. the domain around which we build the system) becomes well-defined, it is not a bad idea to write our findings down. By creating a clear rules describing business, our small world has been divided into two areas: one that complies with the newly discovered business rule and one that violates it. In order to make sure the cut is precise and the system evolves without breaking that constrains, you need a tool: a business rule test. This article shows how to run business tests efficiently.
</p>
<p><span class="readmore"></span></p>
 ]]></content>
    

  </entry>
  
  

  
  <entry>
    <title>Testing Business Rules</title>
    <link rel="alternate" type="text/html" href="http://www.michaelszymczak.com/article/testing-business-rules.html"/>
    <published>2014-08-25T00:00:00Z</published>
    <updated>2014-08-25T00:00:00+01:00</updated>
    <id>http://www.michaelszymczak.com/article/testing-business-rules</id>

    
      <content type="html"><![CDATA[ <p class="excerpt">
In the previous article I presented one group of the business-facing tests I often use, which is Automated test case / use case. These tests help people understand the flow, the process and the actor’s interaction with the System Under Test. However, if you want to build a non-trivial system and you aren’t the only stakeholder, this is not enough. In order to deeply understand and validate our assumptions we need more fine grained tests. Today I’ll show you how to create such tests and be almost sure that you and other stakeholders are on the same page.
</p>
<p><span class="readmore"></span></p>
 ]]></content>
    

  </entry>
  
  

  
  <entry>
    <title>Automated test cases</title>
    <link rel="alternate" type="text/html" href="http://www.michaelszymczak.com/article/automated-test-cases.html"/>
    <published>2014-06-07T00:00:00Z</published>
    <updated>2014-06-07T00:00:00+01:00</updated>
    <id>http://www.michaelszymczak.com/article/automated-test-cases</id>

    
      <content type="html"><![CDATA[ <p class="excerpt">
There are many types of tests. We need more than one type, because we focus on different characteristics of the system.
The human readable tests (e.g. created using Gherkin language) are not an exception to the rule.  
</p>
 ]]></content>
    

  </entry>
  
  

  
  <entry>
    <title>Make it readable</title>
    <link rel="alternate" type="text/html" href="http://www.michaelszymczak.com/article/make-it-readable.html"/>
    <published>2014-02-04T00:00:00Z</published>
    <updated>2014-02-04T00:00:00+00:00</updated>
    <id>http://www.michaelszymczak.com/article/make-it-readable</id>

    
      <content type="html"><![CDATA[ <p class="excerpt">
Imagine that your department is building a web application for some banking institution and the purpose of this app is to help the bank customers understand better what happens with their money when they perform operations like opening a deposit account, making a consolidation loan etc.
</p>
 ]]></content>
    

  </entry>
  
  

  
  <entry>
    <title>Specification by Example</title>
    <link rel="alternate" type="text/html" href="http://www.michaelszymczak.com/article/specification-by-example.html"/>
    <published>2013-12-23T00:00:00Z</published>
    <updated>2013-12-23T00:00:00+00:00</updated>
    <id>http://www.michaelszymczak.com/article/specification-by-example</id>

    
      <content type="html"><![CDATA[ <p class="excerpt">
A few weeks ago I attended the local JUG meeting, topic of which was Specification by Example and Living Documentation. When the speaker asked if anyone had used this technique in their work, three people (from round about 30 attending) raised their hand. “10%, could be worse” he surely thought. The point was, we were all from the same company and we’d been using it because I convinced developers and management of my company to employ it. So, excluding us, no one had used it before. Why is that? People don’t need it, don’t get it or maybe haven’t heard of it?
</p>
<p><span class="readmore"></span></p>
 ]]></content>
    

  </entry>
  
  
</feed>
